1,r9EiqcojW94,Busca nuestro nuevo empaque, Promo Kinect,Busca nuestro nuevo empaque, Promo Kinect
2,XHRvmJq8l2U,Busca nuestro nuevo empaque.,Busca nuestro nuevo empaque.
3,lBIUn2vTWH4,Busca nuestro nuevo empaque.,Busca nuestro nuevo empaque.
4,NjgJEAqEbj8,Snax, Víbora de Plástico,Snax, Víbora de Plástico
5,uP4dzTLWvgQ,Snax, Espada Medieval,Snax, Espada Medieval
6,kc-AQ1cSmcM,Snax, Palito buscador de Agua,Snax, Palito buscador de Agua
7,iEiVFNz7Zkc,Snax, Timbre,Snax, Timbre
8,aHDEFRWnqxE,Snax, Espantasuegras,Snax, Espantasuegras
9,P6It_bpMEQc,Snax, Control Remoto,Snax, Control Remoto
10,UoMD-snYcvE,Snax, Campana,Snax, Campana
11,xgP_C8O0ruY,Snax, Barra de Pesas,Snax, Barra de Pesas
12,xyA_wZGQR10,Snax, Catapulta,Snax, Catapulta
13,4rUk1ZNWrrA,Snax, Cañón,Snax, Cañón
14,q0_PcmmLU2c,Snax, Caja Sorpresa,Snax, Caja Sorpresa
15,pyiwEml3wLk,Snax, Cerbatana,Snax, Cerbatana
16,yXjL3qUN4yg,Snax, Resortera,Snax, Resortera
17,5lzm0TUsZvs,Snax, Paraguas,Snax, Paraguas
18,SnPfzthwSQE,Snax, Sin Salsita,Snax, Sin Salsita
19,zouFS_yh7Zg,Snax, Parapente,Snax, Parapente
20,_Q6tWlNHekE,Snax, Regadera,Snax, Regadera
21,ce4hDLhCqpQ,Snax, Capa,Snax, Capa
22,jC62Fao7HYw,Snax, Pájaro Carpintero,Snax, Pájaro Carpintero
23,BY1ru7vaYww,Snax, Árbol,Snax, Árbol
24,ODPMuM3A3k4,Snax, Guitarra,Snax, Guitarra
25,tk8q9J8JUA4,Snax, Cohete,Snax, Cohete
26,iBg-bx-4P1A,Snax, Con Salsita,Snax, Con Salsita
27,-VdeJQy8x7o,Snax, Flauta,Snax, Flauta
28,8XDgzYdQKWg,Snax, Maracas,Snax, Maracas
29,pCe8D4WbJ-c,Snax, Motocicleta,Snax, Motocicleta
30,kjxpjV_FXCU,Snax, Almohada,Snax, Almohada
31,Vp6P5TKvojs,Snax, Espada Láser,Snax, Espada Láser
32,wUVHZMjH4dg,Snax, Llave,Snax, Llave
33,9s98iS3xNdE,Snax, Aspiradora,Snax, Aspiradora
34,QbcR3-zg6BU,Snax, Tambor,Snax, Tambor
35,mSRy2xN0nGM,Snax, Toro Mecánico,Snax, Toro Mecánico
36,K_dwu-j4qbQ,Snax, Círculo de Hipnosis,Snax, Círculo de Hipnosis
37,-lQ46OCuiuk,Snax, Escalera,Snax, Escalera
38,c4vviyWfkyA,Snax, Puerta,Snax, Puerta
39,OerT9EOV5cs,Snax, Chile,Snax, Chile
40,MyXQS1H8tv4,Snax, Cámara de Foto,Snax, Cámara de Foto
41,v_ORSLoFmqE,Snax, Hueso,Snax, Hueso
42,IskCIjMSAHE,Snax, Lanza,Snax, Lanza
43,bF_f4QybzW8,Snax, Caracol,Snax, Caracol
44,4VX84pVIfdM,Snax, Máscara,Snax, Máscara
45,j8kFoFkSjqo,Snax, Tabla de Surf,Snax, Tabla de Surf
46,Tp88MyJr7Sw,Snax, Máquina Demoledora,Snax, Máquina Demoledora
47,defE9o9cb7I,Snax, Varita Mágica,Snax, Varita Mágica
48,Rrh7IhE0i50,Snax, Caña de Pescar,Snax, Caña de Pescar
49,MHhlWXgjC5Y,Snax, Pata de Palo,Snax, Pata de Palo
50,vAN_my2Lv-o,Snax, Submarino,Snax, Submarino
51,x_JO6cf6fgg,Snax, Chupón,Snax, Chupón
52,Mqs2Nb1Jv6s,Snax, Ancla,Snax, Ancla
53,DwGYJwxADw0,Snax, Calcetín,Snax, Calcetín
54,xBfsrp2KQ4c,Snax, Ratonera,Snax, Ratonera
55,7rgclIacX2k,Snax, Ventilador,Snax, Ventilador
56,qH6_eFhEyYc,Snax, Capa de Torero,Snax, Capa de Torero
57,6Wgp_wLF9Cg,Snax, Ponlo como quieras,Snax, Ponlo como quieras
58,EAYOBtSKOls,Snax, Patines,Snax, Patines
59,B0P92HnEtsc,Snax, Arma,Snax, Arma
60,QSs1bmPVtZ8,Snax, Brocha,Snax, Brocha
61,IwNs3_a4kj0,Snax, Globo,Snax, Globo
62,o8AQyrjZYnw,Snax, Podadora,Snax, Podadora
63,CNQD_ORJ_Rg,Snax, Penacho,Snax, Penacho
64,gGaHIgUDEr8,Snax, Bomba de Aire,Snax, Bomba de Aire
65,ZWq091lH6hk,Snax, Imán,Snax, Imán
66,A4SllY2bjkw,Snax, Abanico,Snax, Abanico
67,vlw7sAIVFEo,Snax, Dragón Chino,Snax, Dragón Chino
68,ivzcBy2eJFQ,Snax, Chacos,Snax, Chacos
69,jEYyEcOEG5Q,Snax, Pala,Snax, Pala
70,yVNHbrYB-SQ,Snax, Paracaídas,Snax, Paracaídas
71,Yy2xI9t_ZeU,Snax, Trampolín,Snax, Trampolín
72,xm1aJQtg-nc,Snax, Snowboard,Snax, Snowboard
73,ON24Q0jJtnw,Snax, Avión de Papel,Snax, Avión de Papel
74,LNBKc-4DZp4,Snax, Nube,Snax, Nube
75,6fGkDCSA0mc,Snax, Papalote,Snax, Papalote
76,P7JJIdutl_o,Snax, Bocina,Snax, Bocina
77,JnKGFk4R22Q,Snax, Toma de Agua,Snax, Toma de Agua
78,_x5FLZG-tps,Snax, Bicicleta,Snax, Bicicleta
79,QfLL1G5xx88,Snax, Boomerang,Snax, Boomerang
80,5sz4E-KhCA4,Snax, Scooter,Snax, Scooter
81,zq8VkpzibZQ,Snax, Mazo,Snax, Mazo
82,1OAea7eMOGQ,Snax, Fuego Artificial,Snax, Fuego Artificial
83,hHfumhyy2C4,Snax, Dinamita,Snax, Dinamita
84,0CYfsMarN0A,Snax, Patineta,Snax, Patineta
